barcode	read_count
GGCAACCTCCAGCGAC	131
AAGTGCTTCTGCGACG	109
CTCGAAAGTATTCGCA	107
TTCGCCACACTTTCCG	106
ACGGAGAAGCTCTGCG	104
TAGGCCGTCACCTCGT	104
GCAATCACACGAAACG	103
GGAACTTTCGTAGCGC	99
ATCTATCCACGTTGGC	97
ACTGTAGCAGTATCTG	95
ACTAGTGGTTCAGCGC	94
AACGGTTGTTATCCGA	92
GACTGCGCAATCCAAC	87
CAAAGCTGTCCAGCAC	87
TCGACTCTCAAGCCGC	87
ATATGGCTCCGGCACA	87
CTTGCCACAGAAAGCC	87
CAGCCGAAGTGGCACA	86
CGTGTAAGTACTGTAC	86
GAACCCGGTTTAACGC	86
TCTGCGTAGTAGCGGT	86
TGACGGCCAAACGAGC	85
TCGTACCAGAGTTGGC	84
TAAAGCCGTTATCACG	84
CTGCGTTAGTGAACGC	84
CTTCAGCCATGTGCCG	84
GTGCAGCGTTCCACGG	83
GTCTCACAGTGGACGT	83
GCACTCTAGCGTTCCG	82
TGGACGCCAATAACGA	82
CTGGTCTGTACACCGC	82
CATTCTAAGAGGACGG	82
TGTTCGCTCCTACCGT	82
CACCACTCAGCTTCGG	80
CTAGCCTAGCTCTCGG	80
AGCTCTCTCCGCACGA	80
ATATTCCAGGGAAAGT	80
TGCGCAGGTACTGTAC	79
ACGCCAGTCAGGCTGC	79
ATTTACCCAAATTCCG	79
TACTCCGCATTGCGGC	79
CAGTACACAGTCGCCA	79
TACCATTCAAGTGACG	79
CTAACTTGTTTCGGCG	78
TAAGCGTGTTTGGGCC	78
TCCTCAGCAATAGCGG	78
ATGCTTTGTAGTTGGG	78
GTGTTAGCAAATTCCG	77
GCTGCGAAGTACGTAA	77
GGGCACTAGGAATCGC	77
GACCTGGAGCAGTACG	77
ATACTCTCACAAGCGA	77
CGTTTGCAGAGGGCGA	77
ACGCTAATCCGGCACA	77
TGCTAAGGTAGAGTGC	77
CTGAAGTAGTGCAAGC	76
TAGTTGGTCGAACCCG	76
ACGAGCCCACAAACTC	76
CATTATCTCGGCTACG	76
CTGCCTACAATACTGC	76
TCTTAGTCAGAAGCAC	76
TAAACGCAGAGGGACG	76
AAGCCTATCAGCTCGG	76
CTTAACTTCACGCGAC	75
CTTAACTCATTATCGG	75
CTGATCCAGAACCCAG	75
GGACGTCTCTACGGCG	75
TATGCCCAGAGAGCTC	75
TTAGGACAGTCGATAA	75
GTGAAGGCATGCCACG	75
TCGAGATTCGAAACTC	75
TTGATCTCACCAGCCA	75
TTCGGCTTCAAACCGT	75
CGCAGACGTTATTCGG	75
TTGGTGACAACTCGCG	75
CGACTTCCAGACCAAG	74
CGAACATTCCGACGAC	74
GATGAAAGTCTTGCGG	74
TGAGCCGAGTTAGGGC	74
CACTCCACAGACGCTC	74
GACCTGGGTCGGCATC	74
GAATGAAAGTGATTGA	74
CTCGTACAGTTGGGCA	74
GGCCATGTCCGGCACA	74
CGAACGCTCAAAGCGG	74
AAGCAGGTCAGTACGT	74
GTGGACCAGTGGTAGC	74
TCACGTCTCCAGCGAC	74
TCTGTCGGTGATCAGG	74
GTAGCATCAAGCCAGA	74
GGATGTTCAGCTTCGG	73
CTCTAATTCAATCACG	73
CCACAAAAGTGAAGAG	73
TGTCTCGTCGGCTACG	73
TGTCTCGCATGATCCA	73
AGCGCCAAGCAGTAGC	73
TTGTTTGCAGATCCCG	73
CAGTATGAGAAACCGC	73
ACCTAAGGTAACAGCG	73
CTAGTCCGTGATCAGG	73